Name,p1_head,p1_neck,p1_body,p1_r_arm_up,p1_r_arm_low,p1_r_hand,p1_l_arm_up,p1_l_arm_low,p1_l_hand,p1_r_leg_up,p1_r_leg_low,p1_r_foot,p1_l_leg_up,p1_l_leg_low,p1_l_foot,p1_main_weapon,p1_sub_weapon,p1_special_1,p1_special_2,p1_special_3,p1_special_4,p1_special_5,p1_special_6,p1_special_7,p1_special_8,p1_special_9,p1_special_10,p2_head,p2_neck,p2_body,p2_r_arm_up,p2_r_arm_low,p2_r_hand,p2_l_arm_up,p2_l_arm_low,p2_l_hand,p2_r_leg_up,p2_r_leg_low,p2_r_foot,p2_l_leg_up,p2_l_leg_low,p2_l_foot,p2_main_weapon,p2_sub_weapon,p2_special_1,p2_special_2,p2_special_3,p2_special_4,p2_special_5,p2_special_6,p2_special_7,p2_special_8,p2_special_9,p2_special_10,p3_head,p3_neck,p3_body,p3_r_arm_up,p3_r_arm_low,p3_r_hand,p3_l_arm_up,p3_l_arm_low,p3_l_hand,p3_r_leg_up,p3_r_leg_low,p3_r_foot,p3_l_leg_up,p3_l_leg_low,p3_l_foot,p3_main_weapon,p3_sub_weapon,p3_special_1,p3_special_2,p3_special_3,p3_special_4,p3_special_5,p3_special_6,p3_special_7,p3_special_8,p3_special_9,p3_special_10,p4_head,p4_neck,p4_body,p4_r_arm_up,p4_r_arm_low,p4_r_hand,p4_l_arm_up,p4_l_arm_low,p4_l_hand,p4_r_leg_up,p4_r_leg_low,p4_r_foot,p4_l_leg_up,p4_l_leg_low,p4_l_foot,p4_main_weapon,p4_sub_weapon,p4_special_1,p4_special_2,p4_special_3,p4_special_4,p4_special_5,p4_special_6,p4_special_7,p4_special_8,p4_special_9,p4_special_10,effect_1,effect_2,effect_3,effect_4,effect_5,effect_6,effect_7,effect_8,frame_property,animation_property,sound_effect
Default/0,"Eldenbeast_doll,Head,89,-371,-36,0,6,1,1,0","Eldenbeast_doll,Neck,44,-334,-20,0,7,1,1,0","Eldenbeast_doll,Body,-29,-202,-11,0,8,1,1,0","Eldenbeast_doll,Arm Up,-1,-231,39,0,7,1,1,0","Eldenbeast_doll,Arm Low,56,-190,68,0,6,1,1,0","Eldenbeast_doll,Hand,111,-175,91,0,7,1,1,0","Eldenbeast_doll,Arm Up,98,-227,66,0,9,1,1,0","Eldenbeast_doll,Arm Low,174,-197,-289,1,8,1,1,0","Eldenbeast_doll,Hand,225,-183,94,0,12,1,1,0","Eldenbeast_doll,Leg Up,-64,-90,-32,0,27,1,1,0","Eldenbeast_doll,Leg Low,-101,-27,-26,0,27,1,1,0","Eldenbeast_doll,Foot,-123,20,-12,0,0,1,1,0","Eldenbeast_doll,Leg Up,30,-70,20,0,10,1,1,0","Eldenbeast_doll,Leg Low,50,-7,20,0,9,1,1,0","Eldenbeast_doll,Foot,70,43,30,0,0,1,1,0",,,"Eldenbeast_doll,Tail,-31,-22,-16,0,28,1,1,0",,,,,,,,,,,,,,,,,,,,,,,,,,,,,,,,,,,,,,,,,,,,,,,,,,,,,,,,,,,,,,,,,,,,,,,,,,,,,,,,,,,,,,,,,,,,,,,,,,,,,
Catfight_1/0,"Eldenbeast_doll,Head,-67,-360,-43,0,6,1,1,0","Eldenbeast_doll,Neck,-111,-332,-27,0,7,1,1,0","Eldenbeast_doll,Body,-189,-202,-11,0,8,1,1,0","Eldenbeast_doll,Arm Up,-131,-241,69,0,7,1,1,0","Eldenbeast_doll,Arm Low,-54,-240,118,0,6,1,1,0","Eldenbeast_doll,Hand,-7,-265,131,0,7,1,1,0","Eldenbeast_doll,Arm Up,-82,-227,56,0,9,1,1,0","Eldenbeast_doll,Arm Low,-16,-187,-299,1,8,1,1,0","Eldenbeast_doll,Hand,35,-165,74,0,12,1,1,0","Eldenbeast_doll,Leg Up,-225,-90,-31,0,27,1,1,0","Eldenbeast_doll,Leg Low,-261,-27,-26,0,27,1,1,0","Eldenbeast_doll,Foot,-283,20,-12,0,0,1,1,0","Eldenbeast_doll,Leg Up,-120,-93,50,0,10,1,1,0","Eldenbeast_doll,Leg Low,-99,-28,-10,0,9,1,1,0","Eldenbeast_doll,Foot,-108,23,0,0,0,1,1,0",,,"Eldenbeast_doll,Tail,-211,-42,-26,0,28,1,1,0",,,,,,,,,,"Lacrima,Angry,93.5,-239,-8,0,3,1,1,0","Lacrima,Neck,107.5,-216,31,1,6,1,1,0","Lacrima,Body,138,-146,30,1,12,1,1,0","Lacrima,Arm Up,112.5,-181,-89,1,11,1,1,0","Lacrima,Arm Low,67.5,-169,-70,1,3,1,1,0","Lacrima,Fist,31.5,-147,-78,0,13,1,1,0","Lacrima,Arm Up,67.5,-187,-104,0,15,1,1,0","Lacrima,Arm Low,26.5,-184,-64,1,17,1,1,0","Lacrima,Fist,-7.5,-169,-92,0,19,1,1,0","Lacrima,Leg Up,189.5,-78,6,0,14,1,1,0","Lacrima,Leg Low,199.5,-22,16,1,17,1,1,0","Lacrima,Foot,214,10,-13.6,0,18,1,1,0","Lacrima,Leg Up,150,-87,-40,0,19,1,1,0","Lacrima,Leg Low,132.5,-37,3,1,21,1,1,0","Lacrima,Foot,141.5,3,-21,0,23,1,1,0",,,,,,,,,,,,,,,,,,,,,,,,,,,,,,,,,,,,,,,,,,,,,,,,,,,,,,,,,,,,,,,,,,,,,,,,,,,,,
Catfight_1/1,"Eldenbeast_doll,Head,-69,-363,-41,0,6,1,1,0","Eldenbeast_doll,Neck,-113,-332,-24,0,7,1,1,0","Eldenbeast_doll,Body,-189,-202,-11,0,8,1,1,0","Eldenbeast_doll,Arm Up,-131,-243,49,0,7,1,1,0","Eldenbeast_doll,Arm Low,-53,-200,68,0,6,1,1,0","Eldenbeast_doll,Hand,3,-185,91,0,7,1,1,0","Eldenbeast_doll,Arm Up,-82,-227,56,0,9,1,1,0","Eldenbeast_doll,Arm Low,-16,-184,-288,1,8,1,1,0","Eldenbeast_doll,Hand,38,-174,94,0,12,1,1,0","Eldenbeast_doll,Leg Up,-225,-90,-31,0,27,1,1,0","Eldenbeast_doll,Leg Low,-261,-27,-26,0,27,1,1,0","Eldenbeast_doll,Foot,-283,20,-12,0,0,1,1,0","Eldenbeast_doll,Leg Up,-120,-90,50,0,10,1,1,0","Eldenbeast_doll,Leg Low,-98,-28,-6,0,9,1,1,0","Eldenbeast_doll,Foot,-104,23,0,0,0,1,1,0",,,"Eldenbeast_doll,Tail,-210,-42,-23,0,28,1,1,0",,,,,,,,,,"Lacrima,Angry,93.5,-239,-12,0,3,1,1,0","Lacrima,Neck,107.5,-216,31,1,6,1,1,0","Lacrima,Body,138,-146,28,1,12,1,1,0","Lacrima,Arm Up,112.5,-181,-69,1,11,1,1,0","Lacrima,Arm Low,67.5,-159,-50,1,3,1,1,0","Lacrima,Fist,41.5,-137,-68,0,13,1,1,0","Lacrima,Arm Up,67.5,-189,-112,0,15,1,1,0","Lacrima,Arm Low,26.5,-202,-99,1,17,1,1,0","Lacrima,Fist,-7.5,-199,-112,0,19,1,1,0","Lacrima,Leg Up,191.5,-78,7,0,14,1,1,0","Lacrima,Leg Low,205.5,-22,17,1,17,1,1,0","Lacrima,Foot,218,10,-11.6,0,18,1,1,0","Lacrima,Leg Up,150,-87,-40,0,19,1,1,0","Lacrima,Leg Low,122.5,-37,-7,1,21,1,1,0","Lacrima,Foot,121.5,3,-41,0,23,1,1,0",,,,,,,,,,,,,,,,,,,,,,,,,,,,,,,,,,,,,,,,,,,,,,,,,,,,,,,,,,,,,,,,,,,,,,,,,,,,,
Catfight_1/2,"Eldenbeast_doll,Head,-58,-360,-46,0,6,1,1,0","Eldenbeast_doll,Neck,-107,-330,-27,0,7,1,1,0","Eldenbeast_doll,Body,-187,-201,-14,0,8,1,1,0","Eldenbeast_doll,Arm Up,-141,-233,29,0,7,1,1,0","Eldenbeast_doll,Arm Low,-88,-172,68,0,6,1,1,0","Eldenbeast_doll,Hand,-36,-153,75,0,7,1,1,0","Eldenbeast_doll,Arm Up,-82,-227,56,0,9,1,1,0","Eldenbeast_doll,Arm Low,-16,-214,-258,1,8,1,1,0","Eldenbeast_doll,Hand,38,-234,144,0,12,1,1,0","Eldenbeast_doll,Leg Up,-224,-90,-21,0,27,1,1,0","Eldenbeast_doll,Leg Low,-261,-27,-32,0,27,1,1,0","Eldenbeast_doll,Foot,-289,20,-12,0,0,1,1,0","Eldenbeast_doll,Leg Up,-118,-93,52,0,10,1,1,0","Eldenbeast_doll,Leg Low,-94,-28,-7,0,9,1,1,0","Eldenbeast_doll,Foot,-102,23,0,0,0,1,1,0",,,"Eldenbeast_doll,Tail,-211,-42,-26,0,28,1,1,0",,,,,,,,,,"Lacrima,Angry,92.5,-243,-20,0,3,1,1,0","Lacrima,Neck,106.5,-220,30,1,6,1,1,0","Lacrima,Body,138,-146,26,1,12,1,1,0","Lacrima,Arm Up,122.5,-170,-39,1,11,1,1,0","Lacrima,Arm Low,97.5,-129,-30,1,3,1,1,0","Lacrima,Fist,83.5,-87,-44,0,13,1,1,0","Lacrima,Arm Up,67.5,-189,-112,0,15,1,1,0","Lacrima,Arm Low,24.5,-213,-150,1,17,1,1,0","Lacrima,Fist,12.5,-249,-192,0,19,1,1,0","Lacrima,Leg Up,195.5,-78,12,0,14,1,1,0","Lacrima,Leg Low,213.5,-22,17,1,17,1,1,0","Lacrima,Foot,229,10,-11.6,0,18,1,1,0","Lacrima,Leg Up,147,-87,-46,0,19,1,1,0","Lacrima,Leg Low,117.5,-37,-14,1,21,1,1,0","Lacrima,Foot,109.5,3,-54,0,23,1,1,0",,,,,,,,,,,,,,,,,,,,,,,,,,,,,,,,,,,,,,,,,,,,,,,,,,,,,,,,,,,,,,,,,,,,,,,,,,,,,
Catfight_1/3,"Eldenbeast_doll,Head,-40,-345,-55,0,6,1,1,0","Eldenbeast_doll,Neck,-91,-323,-33,0,7,1,1,0","Eldenbeast_doll,Body,-182,-201,-17,0,8,1,1,0","Eldenbeast_doll,Arm Up,-121,-243,49,0,7,1,1,0","Eldenbeast_doll,Arm Low,-56,-220,102,0,6,1,1,0","Eldenbeast_doll,Hand,-5,-230,105,0,7,1,1,0","Eldenbeast_doll,Arm Up,-82,-227,56,0,9,1,1,0","Eldenbeast_doll,Arm Low,-16,-174,-308,1,8,1,1,0","Eldenbeast_doll,Hand,28,-141,54,0,12,1,1,0","Eldenbeast_doll,Leg Up,-226,-90,-29,0,27,1,1,0","Eldenbeast_doll,Leg Low,-267,-27,-32,0,27,1,1,0","Eldenbeast_doll,Foot,-295,20,-12,0,0,1,1,0","Eldenbeast_doll,Leg Up,-115,-90,56,0,10,1,1,0","Eldenbeast_doll,Leg Low,-90,-27,-9,0,9,1,1,0","Eldenbeast_doll,Foot,-102,23,0,0,0,1,1,0",,,"Eldenbeast_doll,Tail,-219,-49,-33,0,28,1,1,0",,,,,,,,,,"Lacrima,Angry,90.5,-235,-11,0,3,1,1,0","Lacrima,Neck,107.5,-216,31,1,6,1,1,0","Lacrima,Body,138,-141,30,1,12,1,1,0","Lacrima,Arm Up,102.5,-180,-89,1,11,1,1,0","Lacrima,Arm Low,47.5,-175,-89,1,3,1,1,0","Lacrima,Fist,6.5,-174,-119,0,13,1,1,0","Lacrima,Arm Up,67.5,-192,-102,0,15,1,1,0","Lacrima,Arm Low,21.5,-197,-87,1,17,1,1,0","Lacrima,Fist,-15.5,-188,-92,0,19,1,1,0","Lacrima,Leg Up,195.5,-78,2,0,14,1,1,0","Lacrima,Leg Low,211.5,-20,26,1,17,1,1,0","Lacrima,Foot,233,10,-1.6,0,18,1,1,0","Lacrima,Leg Up,150,-87,-40,0,19,1,1,0","Lacrima,Leg Low,121.5,-37,-11,1,21,1,1,0","Lacrima,Foot,118.5,3,-42,0,23,1,1,0",,,,,,,,,,,,,,,,,,,,,,,,,,,,,,,,,,,,,,,,,,,,,,,,,,,,,,,,,,,,,,,,,,,,,,,,,,,,,
Catfight_1/4,"Eldenbeast_doll,Head,-31,-339,-56,0,6,1,1,0","Eldenbeast_doll,Neck,-84,-320,-38,0,7,1,1,0","Eldenbeast_doll,Body,-182,-202,-17,0,8,1,1,0","Eldenbeast_doll,Arm Up,-110,-246,45,0,7,1,1,0","Eldenbeast_doll,Arm Low,-31,-220,102,0,6,1,1,0","Eldenbeast_doll,Hand,26,-230,95,0,7,1,1,0","Eldenbeast_doll,Arm Up,-81,-219,29,0,9,1,1,0","Eldenbeast_doll,Arm Low,-36,-153,-318,1,8,1,1,0","Eldenbeast_doll,Hand,6,-116,74,0,12,1,1,0","Eldenbeast_doll,Leg Up,-226,-90,-25,0,27,1,1,0","Eldenbeast_doll,Leg Low,-264,-27,-32,0,27,1,1,0","Eldenbeast_doll,Foot,-293,20,-12,0,0,1,1,0","Eldenbeast_doll,Leg Up,-115,-93,52,0,10,1,1,0","Eldenbeast_doll,Leg Low,-92,-30,-3,0,9,1,1,0","Eldenbeast_doll,Foot,-95,18,5,0,0,1,1,0",,,"Eldenbeast_doll,Tail,-217,-49,-29,0,28,1,1,0",,,,,,,,,,"Lacrima,Angry,96.5,-236,-13,0,3,1,1,0","Lacrima,Neck,107.5,-216,31,1,6,1,1,0","Lacrima,Body,138,-141,28,1,12,1,1,0","Lacrima,Arm Up,94.5,-186,-91,1,11,1,1,0","Lacrima,Arm Low,48.5,-218,-158,1,3,1,1,0","Lacrima,Fist,14.5,-242,-129,0,13,1,1,0","Lacrima,Arm Up,67.5,-194,-75,0,15,1,1,0","Lacrima,Arm Low,21.5,-177,-57,1,17,1,1,0","Lacrima,Fist,-4.5,-149,-55,0,19,1,1,0","Lacrima,Leg Up,198.5,-78,22,0,14,1,1,0","Lacrima,Leg Low,222.5,-24,26,1,17,1,1,0","Lacrima,Foot,243,9,0.4,0,18,1,1,0","Lacrima,Leg Up,150,-87,-40,0,19,1,1,0","Lacrima,Leg Low,121.5,-37,-11,1,21,1,1,0","Lacrima,Foot,118.5,3,-42,0,23,1,1,0",,,,,,,,,,,,,,,,,,,,,,,,,,,,,,,,,,,,,,,,,,,,,,,,,,,,,,,,,,,,,,,,,,,,,,,,,,,,,
Catfight_1/5,"Eldenbeast_doll,Head,-62,-365,-39,0,6,1,1,0","Eldenbeast_doll,Neck,-110,-330,-24,0,7,1,1,0","Eldenbeast_doll,Body,-187,-201,-12,0,8,1,1,0","Eldenbeast_doll,Arm Up,-141,-233,29,0,7,1,1,0","Eldenbeast_doll,Arm Low,-88,-172,68,0,6,1,1,0","Eldenbeast_doll,Hand,-36,-153,75,0,7,1,1,0","Eldenbeast_doll,Arm Up,-82,-227,56,0,9,1,1,0","Eldenbeast_doll,Arm Low,-16,-214,-258,1,8,1,1,0","Eldenbeast_doll,Hand,38,-234,144,0,12,1,1,0","Eldenbeast_doll,Leg Up,-224,-90,-21,0,27,1,1,0","Eldenbeast_doll,Leg Low,-261,-27,-32,0,27,1,1,0","Eldenbeast_doll,Foot,-289,20,-12,0,0,1,1,0","Eldenbeast_doll,Leg Up,-118,-88,52,0,10,1,1,0","Eldenbeast_doll,Leg Low,-94,-25,-3,0,9,1,1,0","Eldenbeast_doll,Foot,-96,23,7,0,0,1,1,0",,,"Eldenbeast_doll,Tail,-206,-42,-24,0,28,1,1,0",,,,,,,,,,"Lacrima,Angry,92.5,-233,11,0,3,1,1,0","Lacrima,Neck,106.5,-220,30,1,6,1,1,0","Lacrima,Body,138,-146,26,1,12,1,1,0","Lacrima,Arm Up,132.5,-160,-9,1,11,1,1,0","Lacrima,Arm Low,107.5,-119,-80,1,3,1,1,0","Lacrima,Fist,73.5,-107,-94,0,13,1,1,0","Lacrima,Arm Up,70.5,-190,-102,0,15,1,1,0","Lacrima,Arm Low,26.5,-219,-161,1,17,1,1,0","Lacrima,Fist,19.5,-259,-217,0,19,1,1,0","Lacrima,Leg Up,197.5,-78,32,0,14,1,1,0","Lacrima,Leg Low,234.5,-32,47,1,17,1,1,0","Lacrima,Foot,260,0,-11.6,0,18,1,1,0","Lacrima,Leg Up,147,-87,-46,0,19,1,1,0","Lacrima,Leg Low,117.5,-37,-14,1,21,1,1,0","Lacrima,Foot,109.5,3,-54,0,23,1,1,0",,,,,,,,,,,,,,,,,,,,,,,,,,,,,,,,,,,,,,,,,,,,,,,,,,,,,,,,,,,,,,,,,,,,,,,,,,,,,
Catfight_1/6,"Eldenbeast_doll,Head,-93,-386,-27,0,6,1,1,0","Eldenbeast_doll,Neck,-133,-340,-14,0,7,1,1,0","Eldenbeast_doll,Body,-187,-201,-2,0,8,1,1,0","Eldenbeast_doll,Arm Up,-151,-249,59,0,7,1,1,0","Eldenbeast_doll,Arm Low,-78,-233,108,0,6,1,1,0","Eldenbeast_doll,Hand,-26,-252,135,0,7,1,1,0","Eldenbeast_doll,Arm Up,-82,-227,56,0,9,1,1,0","Eldenbeast_doll,Arm Low,-16,-194,-288,1,8,1,1,0","Eldenbeast_doll,Hand,38,-174,84,0,12,1,1,0","Eldenbeast_doll,Leg Up,-204,-90,-11,0,27,1,1,0","Eldenbeast_doll,Leg Low,-240,-27,-52,0,27,1,1,0","Eldenbeast_doll,Foot,-284,6,-42,0,0,1,1,0","Eldenbeast_doll,Leg Up,-107,-88,52,0,10,1,1,0","Eldenbeast_doll,Leg Low,-83,-25,-3,0,9,1,1,0","Eldenbeast_doll,Foot,-85,23,7,0,0,1,1,0",,,"Eldenbeast_doll,Tail,-178,-42,-13,0,28,1,1,0",,,,,,,,,,"Lacrima,Angry,102.5,-233,0,0,3,1,1,0","Lacrima,Neck,119.5,-220,10,1,6,1,1,0","Lacrima,Body,139,-146,21,1,12,1,1,0","Lacrima,Arm Up,116.5,-160,-19,1,11,1,1,0","Lacrima,Arm Low,87.5,-139,-140,1,3,1,1,0","Lacrima,Fist,53.5,-157,-114,0,13,1,1,0","Lacrima,Arm Up,70.5,-190,-102,0,15,1,1,0","Lacrima,Arm Low,26.5,-209,-121,1,17,1,1,0","Lacrima,Fist,-10.5,-219,-127,0,19,1,1,0","Lacrima,Leg Up,197.5,-78,32,0,14,1,1,0","Lacrima,Leg Low,234.5,-32,47,1,17,1,1,0","Lacrima,Foot,260,0,-11.6,0,18,1,1,0","Lacrima,Leg Up,149,-87,-26,0,19,1,1,0","Lacrima,Leg Low,139.5,-37,-4,1,21,1,1,0","Lacrima,Foot,140.5,3,-44,0,23,1,1,0",,,,,,,,,,,,,,,,,,,,,,,,,,,,,,,,,,,,,,,,,,,,,,,,,,,,,,,,,,,,,,,,,,,,,,,,,,,,,
Catfight_1/7,"Eldenbeast_doll,Head,-103,-378,-29,0,6,1,1,0","Eldenbeast_doll,Neck,-143,-340,-16,0,7,1,1,0","Eldenbeast_doll,Body,-194,-201,0,0,8,1,1,0","Eldenbeast_doll,Arm Up,-161,-243,59,0,7,1,1,0","Eldenbeast_doll,Arm Low,-81,-222,98,0,6,1,1,0","Eldenbeast_doll,Hand,-25,-231,114,0,7,1,1,0","Eldenbeast_doll,Arm Up,-82,-227,56,0,9,1,1,0","Eldenbeast_doll,Arm Low,-26,-174,-318,1,8,1,1,0","Eldenbeast_doll,Hand,8,-144,64,0,12,1,1,0","Eldenbeast_doll,Leg Up,-200,-90,-11,0,27,1,1,0","Eldenbeast_doll,Leg Low,-236,-27,-50,0,27,1,1,0","Eldenbeast_doll,Foot,-275,6,-42,0,0,1,1,0","Eldenbeast_doll,Leg Up,-107,-98,50,0,10,1,1,0","Eldenbeast_doll,Leg Low,-76,-28,4,0,9,1,1,0","Eldenbeast_doll,Foot,-73,23,17,0,0,1,1,0",,,"Eldenbeast_doll,Tail,-175,-42,-12,0,28,1,1,0",,,,,,,,,,"Lacrima,Angry,112.5,-233,2,0,3,1,1,0","Lacrima,Neck,129.5,-220,12,1,6,1,1,0","Lacrima,Body,139,-146,15,1,12,1,1,0","Lacrima,Arm Up,106.5,-156,-39,1,11,1,1,0","Lacrima,Arm Low,57.5,-139,-90,1,3,1,1,0","Lacrima,Fist,23.5,-137,-114,0,13,1,1,0","Lacrima,Arm Up,70.5,-190,-88,0,15,1,1,0","Lacrima,Arm Low,26.5,-181,-61,1,17,1,1,0","Lacrima,Fist,-8.5,-163,-87,0,19,1,1,0","Lacrima,Leg Up,193.5,-69,27,0,14,1,1,0","Lacrima,Leg Low,229.5,-24,51,1,17,1,1,0","Lacrima,Foot,250,3,-11.6,0,18,1,1,0","Lacrima,Leg Up,145,-80,-38,0,19,1,1,0","Lacrima,Leg Low,128.5,-30,-4,1,21,1,1,0","Lacrima,Foot,126.5,4,-44,0,23,1,1,0",,,,,,,,,,,,,,,,,,,,,,,,,,,,,,,,,,,,,,,,,,,,,,,,,,,,,,,,,,,,,,,,,,,,,,,,,,,,,
Catfight_2/0,"Eldenbeast_doll,Head,-91,-512,-39,0,6,1,1,0","Eldenbeast_doll,Neck,-123,-472,-3,0,7,1,1,0","Eldenbeast_doll,Body,-129,-322,19,0,8,1,1,0","Eldenbeast_doll,Arm Up,-134.5,-345,22,0,7,1,1,0","Eldenbeast_doll,Arm Low,-98,-284,48,0,6,1,1,0","Eldenbeast_doll,Hand,-50,-252.5,81,0,7,1,1,0","Eldenbeast_doll,Arm Up,-52,-377,56,0,9,1,1,0","Eldenbeast_doll,Arm Low,4,-378,-199,1,8,1,1,0","Eldenbeast_doll,Hand,21,-430.5,167,0,12,1,1,0","Eldenbeast_doll,Leg Up,-115,-200,-11,0,27,1,1,0","Eldenbeast_doll,Leg Low,-158,-138,-56,0,27,1,1,0","Eldenbeast_doll,Foot,-203,-116.5,-62,0,0,1,1,0","Eldenbeast_doll,Leg Up,-27,-243,40,0,10,1,1,0","Eldenbeast_doll,Leg Low,-9,-168,-10,0,9,1,1,0","Eldenbeast_doll,Foot,-18,-117,-4,0,0,1,1,0",,,"Eldenbeast_doll,Tail,-85,-162,-16,0,28,1,1,0",,,,,,,,,,"Lacrima,Angry,248.5,-487.5,-18,0,3,1,1,0","Lacrima,Neck,237,-450.5,-49,1,6,1,1,0","Lacrima,Body,178.5,-406.5,-50,1,12,1,1,0","Lacrima,Arm Up,273.5,-429.5,61,1,11,1,1,0","Lacrima,Arm Low,171.5,-540,-140,1,3,1,1,0","Lacrima,Fist,139.5,-570,-168,0,13,1,1,0","Lacrima,Arm Up,197.5,-494.5,-164,0,15,1,1,0","Lacrima,Arm Low,322,-397.5,61,1,17,1,1,0","Lacrima,Fist,354.5,-379.5,21,0,19,1,1,0","Lacrima,Leg Up,156.5,-321,6,0,14,1,1,0","Lacrima,Leg Low,180,-274.5,46,1,17,1,1,0","Lacrima,Foot,213,-244.5,26.4,0,18,1,1,0","Lacrima,Leg Up,111,-391.5,-120,0,19,1,1,0","Lacrima,Leg Low,63,-397.5,-77,1,21,1,1,0","Lacrima,Foot,28,-393.5,-111,0,23,1,1,0",,,,,,,,,,,,,,,,,,,,,,,,,,,,,,,,,,,,,,,,,,,,,,,,,,,,,,,,,,,,,,,,,,,,,,,,,,,,,
Catfight_2/1,"Eldenbeast_doll,Head,-167,-533,23,0,6,1,1,0","Eldenbeast_doll,Neck,-171,-469,20,0,7,1,1,0","Eldenbeast_doll,Body,-140,-322,29,0,8,1,1,0","Eldenbeast_doll,Arm Up,-214.5,-323,-54,0,7,1,1,0","Eldenbeast_doll,Arm Low,-238,-264,18,0,6,1,1,0","Eldenbeast_doll,Hand,-217,-212.5,41,0,7,1,1,0","Eldenbeast_doll,Arm Up,-72,-397,86,0,9,1,1,0","Eldenbeast_doll,Arm Low,-46,-428,-169,1,8,1,1,0","Eldenbeast_doll,Hand,-58.5,-475,207,0,12,1,1,0","Eldenbeast_doll,Leg Up,-125,-200,-21,0,27,1,1,0","Eldenbeast_doll,Leg Low,-174,-138,-56,0,27,1,1,0","Eldenbeast_doll,Foot,-215,-116.5,-71,0,0,1,1,0","Eldenbeast_doll,Leg Up,-27,-254,60,0,10,1,1,0","Eldenbeast_doll,Leg Low,22,-198,20,0,9,1,1,0","Eldenbeast_doll,Foot,43,-147,36,0,0,1,1,0",,,"Eldenbeast_doll,Tail,-115,-175,-26,0,28,1,1,0",,,,,,,,,,"Lacrima,Angry,261.5,-484.5,-28,0,3,1,1,0","Lacrima,Neck,239,-447.5,-51,1,6,1,1,0","Lacrima,Body,178.5,-406.5,-56,1,12,1,1,0","Lacrima,Arm Up,283.5,-408.5,41,1,11,1,1,0","Lacrima,Arm Low,191.5,-550,-200,1,3,1,1,0","Lacrima,Fist,211,-582,-248,0,13,1,1,0","Lacrima,Arm Up,197.5,-494.5,-164,0,15,1,1,0","Lacrima,Arm Low,320,-365.5,41,1,17,1,1,0","Lacrima,Fist,344.5,-329.5,1,0,19,1,1,0","Lacrima,Leg Up,166.5,-331,16,0,14,1,1,0","Lacrima,Leg Low,193,-284.5,52,1,17,1,1,0","Lacrima,Foot,232,-264.5,26.4,0,18,1,1,0","Lacrima,Leg Up,101,-391.5,-96,0,19,1,1,0","Lacrima,Leg Low,42,-388.5,-84,1,21,1,1,0","Lacrima,Foot,2,-383.5,-111,0,23,1,1,0",,,,,,,,,,,,,,,,,,,,,,,,,,,,,,,,,,,,,,,,,,,,,,,,,,,,,,,,,,,,,,,,,,,,,,,,,,,,,
Catfight_2/2,"Eldenbeast_doll,Head,-182,-533,25,0,6,1,1,0","Eldenbeast_doll,Neck,-180,-469,25,0,7,1,1,0","Eldenbeast_doll,Body,-147,-322,31,0,8,1,1,0","Eldenbeast_doll,Arm Up,-221.5,-323,-52,0,7,1,1,0","Eldenbeast_doll,Arm Low,-245,-264,20,0,6,1,1,0","Eldenbeast_doll,Hand,-224,-212.5,43,0,7,1,1,0","Eldenbeast_doll,Arm Up,-79,-398,99,0,9,1,1,0","Eldenbeast_doll,Arm Low,-53,-429,-156,1,8,1,1,0","Eldenbeast_doll,Hand,-76.5,-481,220,0,12,1,1,0","Eldenbeast_doll,Leg Up,-135,-203,-19,0,27,1,1,0","Eldenbeast_doll,Leg Low,-184,-141,-54,0,27,1,1,0","Eldenbeast_doll,Foot,-222,-116.5,-69,0,0,1,1,0","Eldenbeast_doll,Leg Up,-34,-256,64,0,10,1,1,0","Eldenbeast_doll,Leg Low,15,-202,23,0,9,1,1,0","Eldenbeast_doll,Foot,39,-154,38,0,0,1,1,0",,,"Eldenbeast_doll,Tail,-122,-179,-28,0,28,1,1,0",,,,,,,,,,"Lacrima,Angry,263.5,-480.5,-33,0,3,1,1,0","Lacrima,Neck,241,-443.5,-56,1,6,1,1,0","Lacrima,Body,178.5,-408.5,-59,1,12,1,1,0","Lacrima,Arm Up,287.5,-401.5,37,1,11,1,1,0","Lacrima,Arm Low,198.5,-550,-200,1,3,1,1,0","Lacrima,Fist,218,-582,-257,0,13,1,1,0","Lacrima,Arm Up,200.5,-494.5,-166,0,15,1,1,0","Lacrima,Arm Low,318,-360.5,36,1,17,1,1,0","Lacrima,Fist,342.5,-325.5,1,0,19,1,1,0","Lacrima,Leg Up,166.5,-333,18,0,14,1,1,0","Lacrima,Leg Low,193,-289.5,54,1,17,1,1,0","Lacrima,Foot,232,-269.5,28.4,0,18,1,1,0","Lacrima,Leg Up,101,-396.5,-104,0,19,1,1,0","Lacrima,Leg Low,42,-401.5,-94,1,21,1,1,0","Lacrima,Foot,2,-398.5,-111,0,23,1,1,0",,,,,,,,,,,,,,,,,,,,,,,,,,,,,,,,,,,,,,,,,,,,,,,,,,,,,,,,,,,,,,,,,,,,,,,,,,,,,
Catfight_2/3,"Eldenbeast_doll,Head,48,-142,-39,0,6,1,1,0","Eldenbeast_doll,Neck,-6,-135.5,-73,0,7,1,1,0","Eldenbeast_doll,Body,-149,-162,-91,0,8,1,1,0","Eldenbeast_doll,Arm Up,-55,-169,92,0,7,1,1,0","Eldenbeast_doll,Arm Low,25.5,-169,98,0,6,1,1,0","Eldenbeast_doll,Hand,79.5,-182.5,111,0,7,1,1,0","Eldenbeast_doll,Arm Up,-52,-95.5,96,0,9,1,1,0","Eldenbeast_doll,Arm Low,21,-105.5,-268,1,8,1,1,0","Eldenbeast_doll,Hand,72.5,-111,97,0,12,1,1,0","Eldenbeast_doll,Leg Up,-255,-75,-51,0,27,1,1,0","Eldenbeast_doll,Leg Low,-328,-48,-86,0,27,1,1,0","Eldenbeast_doll,Foot,-382,-54.5,-112,0,0,1,1,0","Eldenbeast_doll,Leg Up,-272.5,-148,-80,0,10,1,1,0","Eldenbeast_doll,Leg Low,-336.5,-152,-90,0,9,1,1,0","Eldenbeast_doll,Foot,-392.5,-158,-84,0,0,1,1,0",,,"Eldenbeast_doll,Tail,-306,-168,-116,0,28,1,1,0",,,,,,,,,,"Lacrima,Angry,41.8,-252.3,22,0,3,1,1,0","Lacrima,Neck,73,-242,41,1,6,1,1,0","Lacrima,Body,108.8,-179.3,30,1,12,1,1,0","Lacrima,Arm Up,69.5,-211.5,-59,1,11,1,1,0","Lacrima,Arm Low,23.5,-208,-150,1,3,1,1,0","Lacrima,Fist,1.5,-246,-213,0,13,1,1,0","Lacrima,Arm Up,47.8,-206.3,-74,0,15,1,1,0","Lacrima,Arm Low,2,-203.5,211,1,17,1,1,0","Lacrima,Fist,-10.5,-236.5,-179,0,19,1,1,0","Lacrima,Leg Up,161.8,-130.7,10,0,14,1,1,0","Lacrima,Leg Low,171.2,-87.3,16,1,17,1,1,0","Lacrima,Foot,183.2,-47.3,-23.6,0,18,1,1,0","Lacrima,Leg Up,125.2,-114.3,-20,0,19,1,1,0","Lacrima,Leg Low,124.2,-60.3,13,1,21,1,1,0","Lacrima,Foot,131,-27,-31,0,23,1,1,0",,,,,,,,,,,,,,,,,,,,,,,,,,,,,,,,,,,,,,,,,,,,,,,,,,,,,,,,,,,,,,,,,,,,,,,,,,,,,
Catfight_2/4,"Eldenbeast_doll,Head,112,-182,-39,0,6,1,1,0","Eldenbeast_doll,Neck,58,-175.5,-73,0,7,1,1,0","Eldenbeast_doll,Body,-89,-192,-85,0,8,1,1,0","Eldenbeast_doll,Arm Up,8,-209,108,0,7,1,1,0","Eldenbeast_doll,Arm Low,86.5,-229,108,0,6,1,1,0","Eldenbeast_doll,Hand,139.5,-252.5,131,0,7,1,1,0","Eldenbeast_doll,Arm Up,-2,-125.5,96,0,9,1,1,0","Eldenbeast_doll,Arm Low,71,-135.5,-268,1,8,1,1,0","Eldenbeast_doll,Hand,122.5,-143,147,0,12,1,1,0","Eldenbeast_doll,Leg Up,-205,-106,-57,0,27,1,1,0","Eldenbeast_doll,Leg Low,-278,-86,-86,0,27,1,1,0","Eldenbeast_doll,Foot,-331,-90.5,-112,0,0,1,1,0","Eldenbeast_doll,Leg Up,-221.5,-179,-87,0,10,1,1,0","Eldenbeast_doll,Leg Low,-286.5,-185,-97,0,9,1,1,0","Eldenbeast_doll,Foot,-342.5,-194,-84,0,0,1,1,0",,,"Eldenbeast_doll,Tail,-256,-198,-116,0,28,1,1,0",,,,,,,,,,"Lacrima,Eat,83.8,-283.3,22,0,3,1,1,0","Lacrima,Neck,103,-263,41,1,6,1,1,0","Lacrima,Body,138.8,-200.3,30,1,12,1,1,0","Lacrima,Arm Up,139.5,-292.5,-199,1,11,1,1,0","Lacrima,Arm Low,163.5,-341,-220,1,3,1,1,0","Lacrima,Fist,182.5,-379.5,-233,0,13,1,1,0","Lacrima,Arm Up,77.8,-238.3,-104,0,15,1,1,0","Lacrima,Arm Low,21,-254.5,241,1,17,1,1,0","Lacrima,Fist,-10.5,-277.5,-159,0,19,1,1,0","Lacrima,Leg Up,186.8,-154.7,6,0,14,1,1,0","Lacrima,Leg Low,210.2,-108.3,46,1,17,1,1,0","Lacrima,Foot,243.2,-78.3,26.4,0,18,1,1,0","Lacrima,Leg Up,141.2,-135.3,-30,0,19,1,1,0","Lacrima,Leg Low,133.2,-81.3,3,1,21,1,1,0","Lacrima,Foot,141,-38,-31,0,23,1,1,0",,,,,,,,,,,,,,,,,,,,,,,,,,,,,,,,,,,,,,,,,,,,,,,,,,,,,,,,,,,,,,,,,,,,,,,,,,,,,
Catfight_2/5,"Eldenbeast_doll,Head,132,-194,-37,0,6,1,1,0","Eldenbeast_doll,Neck,78,-187.5,-71,0,7,1,1,0","Eldenbeast_doll,Body,-69,-204,-83,0,8,1,1,0","Eldenbeast_doll,Arm Up,28,-224,114,0,7,1,1,0","Eldenbeast_doll,Arm Low,102.5,-248,114,0,6,1,1,0","Eldenbeast_doll,Hand,156.5,-262.5,133,0,7,1,1,0","Eldenbeast_doll,Arm Up,18,-137.5,98,0,9,1,1,0","Eldenbeast_doll,Arm Low,91,-147.5,-266,1,8,1,1,0","Eldenbeast_doll,Hand,142.5,-155,149,0,12,1,1,0","Eldenbeast_doll,Leg Up,-185,-118,-55,0,27,1,1,0","Eldenbeast_doll,Leg Low,-258,-98,-84,0,27,1,1,0","Eldenbeast_doll,Foot,-311,-102.5,-110,0,0,1,1,0","Eldenbeast_doll,Leg Up,-201.5,-191,-85,0,10,1,1,0","Eldenbeast_doll,Leg Low,-266.5,-197,-95,0,9,1,1,0","Eldenbeast_doll,Foot,-322.5,-206,-82,0,0,1,1,0",,,"Eldenbeast_doll,Tail,-236,-210,-114,0,28,1,1,0",,,,,,,,,,"Lacrima,Eat,119.8,-293.3,11,0,3,1,1,0","Lacrima,Neck,135,-273,33,1,6,1,1,0","Lacrima,Body,166.8,-210.3,22,1,12,1,1,0","Lacrima,Arm Up,185.5,-298.5,-204,1,11,1,1,0","Lacrima,Arm Low,213.5,-347,-223,1,3,1,1,0","Lacrima,Fist,235.5,-381.5,-245,0,13,1,1,0","Lacrima,Arm Up,103.8,-251.3,-112,0,15,1,1,0","Lacrima,Arm Low,53,-274.5,233,1,17,1,1,0","Lacrima,Fist,22.5,-299.5,-168,0,19,1,1,0","Lacrima,Leg Up,221.8,-154.7,23,0,14,1,1,0","Lacrima,Leg Low,251.2,-118.3,43,1,17,1,1,0","Lacrima,Foot,290.2,-95.3,23.4,0,18,1,1,0","Lacrima,Leg Up,161.2,-145.3,-33,0,19,1,1,0","Lacrima,Leg Low,146.2,-91.3,-4,1,21,1,1,0","Lacrima,Foot,148,-48,-34,0,23,1,1,0",,,,,,,,,,,,,,,,,,,,,,,,,,,,,,,,,,,,,,,,,,,,,,,,,,,,,,,,,,,,,,,,,,,,,,,,,,,,,
Catfight_2/6,"Eldenbeast_doll,Head,38,-279,-48,0,6,1,1,0","Eldenbeast_doll,Neck,-15,-260,-44,0,7,1,1,0","Eldenbeast_doll,Body,-129,-180,-39,0,8,1,1,0","Eldenbeast_doll,Arm Up,-89,-183,29,0,7,1,1,0","Eldenbeast_doll,Arm Low,-33,-130,68,0,6,1,1,0","Eldenbeast_doll,Hand,23,-105,71,0,7,1,1,0","Eldenbeast_doll,Arm Up,-22,-157,26,0,9,1,1,0","Eldenbeast_doll,Arm Low,-45,-94,-55,1,8,1,1,0","Eldenbeast_doll,Hand,-87,-50.5,-14,0,7,1,1,0","Eldenbeast_doll,Leg Up,-182,-60,-11,0,27,1,1,0","Eldenbeast_doll,Leg Low,-231,-5,-86,0,27,1,1,0","Eldenbeast_doll,Foot,-283,0,-82,0,0,1,1,0","Eldenbeast_doll,Leg Up,-110,-90,72,0,10,1,1,0","Eldenbeast_doll,Leg Low,-77,-38,-6,0,9,1,1,0","Eldenbeast_doll,Foot,-74,13,40,0,0,1,1,0",,,"Eldenbeast_doll,Tail,-160,-42,-13,0,28,1,1,0",,,,,,,,,,"Lacrima,Angry,101.5,-388,0,0,3,1,1,0","Lacrima,Neck,113.5,-365,31,1,6,1,1,0","Lacrima,Body,156,-293,38,1,12,1,1,0","Lacrima,Arm Up,140.5,-380,-167,1,2,1,1,0","Lacrima,Arm Low,146,-436,140,1,3,1,1,0","Lacrima,Fist,179.5,-468,85,0,13,1,1,0","Lacrima,Arm Up,105.5,-368,-162,0,15,1,1,0","Lacrima,Arm Low,143,-426,-209,1,17,1,1,0","Lacrima,Fist,147.5,-455,-260,0,19,1,1,0","Lacrima,Leg Up,199.5,-227,-13,0,14,1,1,0","Lacrima,Leg Low,193.5,-171,7,1,17,1,1,0","Lacrima,Foot,196,-137,-21.6,0,18,1,1,0","Lacrima,Leg Up,168,-236,-60,0,19,1,1,0","Lacrima,Leg Low,137.5,-193,-7,1,21,1,1,0","Lacrima,Foot,133.5,-149,-41,0,23,1,1,0",,,,,,,,,,,,,,,,,,,,,,,,,,,,,,,,,,,,,,,,,,,,,,,,,,,,,,,,,,,,,,,,,,,,,,,,,,,,,
Catfight_2/7,"Eldenbeast_doll,Head,69,-116.5,-114,0,6,1,1,0","Eldenbeast_doll,Neck,20,-155,-95,0,7,1,1,0","Eldenbeast_doll,Body,-127,-150,-59,0,8,1,1,0","Eldenbeast_doll,Arm Up,-43,-149,49,0,7,1,1,0","Eldenbeast_doll,Arm Low,6,-123,68,0,6,1,1,0","Eldenbeast_doll,Hand,59,-100,71,0,7,1,1,0","Eldenbeast_doll,Arm Up,-32,-123,26,0,9,1,1,0","Eldenbeast_doll,Arm Low,-55,-60,-55,1,8,1,1,0","Eldenbeast_doll,Hand,-97,-16.5,-14,0,7,1,1,0","Eldenbeast_doll,Leg Up,-212,-60,-41,0,27,1,1,0","Eldenbeast_doll,Leg Low,-281,-7,-66,0,27,1,1,0","Eldenbeast_doll,Foot,-333,9,-82,0,0,1,1,0","Eldenbeast_doll,Leg Up,-110,-55,72,0,10,1,1,0","Eldenbeast_doll,Leg Low,-45,-28,44,0,9,1,1,0","Eldenbeast_doll,Foot,-13,13,40,0,0,1,1,0",,,"Eldenbeast_doll,Tail,-226,-42,-53,0,28,1,1,0",,,,,,,,,,"Lacrima,Angry,63.5,-244,42,0,3,1,1,0","Lacrima,Neck,76.5,-227,71,1,6,1,1,0","Lacrima,Body,156,-193,58,1,12,1,1,0","Lacrima,Arm Up,130.5,-203,13,1,2,1,1,0","Lacrima,Arm Low,138.5,-149,0,1,3,1,1,0","Lacrima,Fist,142,-105.5,-25,0,13,1,1,0","Lacrima,Arm Up,116,-182,9,0,15,1,1,0","Lacrima,Arm Low,126.5,-132.5,-359,1,17,1,1,0","Lacrima,Fist,130,-99,-390,0,19,1,1,0","Lacrima,Leg Up,217.5,-157,-13,0,14,1,1,0","Lacrima,Leg Low,211.5,-101,7,1,17,1,1,0","Lacrima,Foot,214,-67,-21.6,0,18,1,1,0","Lacrima,Leg Up,193,-144,-8,0,19,1,1,0","Lacrima,Leg Low,207.5,-93,33,1,21,1,1,0","Lacrima,Foot,229.5,-62,19,0,23,1,1,0",,,,,,,,,,,,,,,,,,,,,,,,,,,,,,,,,,,,,,,,,,,,,,,,,,,,,,,,,,,,,,,,,,,,,,,,,,,,,
Catfight_2/8,"Eldenbeast_doll,Head,64,-108.5,-116,0,6,1,1,0","Eldenbeast_doll,Neck,20,-148,-100,0,7,1,1,0","Eldenbeast_doll,Body,-127,-148,-59,0,8,1,1,0","Eldenbeast_doll,Arm Up,-43,-149,49,0,7,1,1,0","Eldenbeast_doll,Arm Low,16,-132,108,0,6,1,1,0","Eldenbeast_doll,Hand,69,-152,120,0,5,1,1,0","Eldenbeast_doll,Arm Up,-32,-120,11,0,9,1,1,0","Eldenbeast_doll,Arm Low,-55,-51,-45,1,8,1,1,0","Eldenbeast_doll,Hand,-89,-10.5,-4,0,7,1,1,0","Eldenbeast_doll,Leg Up,-213,-58,-37,0,27,1,1,0","Eldenbeast_doll,Leg Low,-281,-11,-72,0,27,1,1,0","Eldenbeast_doll,Foot,-333,0,-83,0,0,1,1,0","Eldenbeast_doll,Leg Up,-110,-55,72,0,10,1,1,0","Eldenbeast_doll,Leg Low,-45,-24,47,0,9,1,1,0","Eldenbeast_doll,Foot,-9,13,43,0,0,1,1,0",,,"Eldenbeast_doll,Tail,-229,-42,-55,0,28,1,1,0",,,,,,,,,,"Lacrima,Angry,63.5,-235,49,0,3,1,1,0","Lacrima,Neck,76.5,-227,71,1,6,1,1,0","Lacrima,Body,156,-191,61,1,12,1,1,0","Lacrima,Arm Up,132.5,-199,18,1,2,1,1,0","Lacrima,Arm Low,144.5,-145,3,1,3,1,1,0","Lacrima,Fist,148,-101.5,-20,0,13,1,1,0","Lacrima,Arm Up,118,-178,14,0,15,1,1,0","Lacrima,Arm Low,132.5,-128.5,-354,1,17,1,1,0","Lacrima,Fist,136,-95,-385,0,19,1,1,0","Lacrima,Leg Up,228.5,-157,7,0,14,1,1,0","Lacrima,Leg Low,250.5,-111,51,1,17,1,1,0","Lacrima,Foot,227,-55,-21.6,0,18,1,1,0","Lacrima,Leg Up,195,-147,12,0,19,1,1,0","Lacrima,Leg Low,213.5,-95,28,1,21,1,1,0","Lacrima,Foot,284.5,-93,39,0,23,1,1,0",,,,,,,,,,,,,,,,,,,,,,,,,,,,,,,,,,,,,,,,,,,,,,,,,,,,,,,,,,,,,,,,,,,,,,,,,,,,,
Catfight_2/9,"Eldenbeast_doll,Head,-14,-386,-49,0,6,1,1,0","Eldenbeast_doll,Neck,-61,-358,-26,0,7,1,1,0","Eldenbeast_doll,Body,-125,-219,0,0,8,1,1,0","Eldenbeast_doll,Arm Up,-92,-261,29,0,7,1,1,0","Eldenbeast_doll,Arm Low,-32,-220,98,0,6,1,1,0","Eldenbeast_doll,Hand,24,-229,104,0,7,1,1,0","Eldenbeast_doll,Arm Up,-13,-245,56,0,9,1,1,0","Eldenbeast_doll,Arm Low,21,-255,-178,1,8,1,1,0","Eldenbeast_doll,Hand,25,-313.5,184,0,12,1,1,0","Eldenbeast_doll,Leg Up,-129,-108,-1,0,27,1,1,0","Eldenbeast_doll,Leg Low,-136,-45,-10,0,27,1,1,0","Eldenbeast_doll,Foot,-147.5,8,-2,0,0,1,1,0","Eldenbeast_doll,Leg Up,-38,-152,110,0,10,1,1,0","Eldenbeast_doll,Leg Low,3,-126,-6,0,9,1,1,0","Eldenbeast_doll,Foot,-3,-73.5,17,0,0,1,1,0",,,"Eldenbeast_doll,Tail,-85,-60,8,0,28,1,1,0",,,,,,,,,,"Lacrima,Angry,82.5,-223,2,0,3,1,1,0","Lacrima,Neck,99.5,-210,12,1,6,1,1,0","Lacrima,Body,128,-135,35,1,12,1,1,0","Lacrima,Arm Up,97.5,-156,-39,1,11,1,1,0","Lacrima,Arm Low,57.5,-138,-100,1,3,1,1,0","Lacrima,Fist,22.5,-147,-144,0,13,1,1,0","Lacrima,Arm Up,70.5,-180,-108,0,15,1,1,0","Lacrima,Arm Low,26.5,-198,-131,1,17,1,1,0","Lacrima,Fist,12.5,-223,-197,0,19,1,1,0","Lacrima,Leg Up,183.5,-73,-5,0,14,1,1,0","Lacrima,Leg Low,183.5,-24,11,1,17,1,1,0","Lacrima,Foot,192,13,-31.6,0,18,1,1,0","Lacrima,Leg Up,155,-80,2,0,19,1,1,0","Lacrima,Leg Low,177.5,-37,57,1,21,1,1,0","Lacrima,Foot,207.5,-6,-24,0,23,1,1,0",,,,,,,,,,,,,,,,,,,,,,,,,,,,,,,,,,,,,,,,,,,,,,,,,,,,,,,,,,,,,,,,,,,,,,,,,,,,,
Catfight_2/10,"Eldenbeast_doll,Head,-46,-415,-47,0,6,1,1,0","Eldenbeast_doll,Neck,-87,-381,-14,0,7,1,1,0","Eldenbeast_doll,Body,-125,-234,7,0,8,1,1,0","Eldenbeast_doll,Arm Up,-117,-256,26,0,7,1,1,0","Eldenbeast_doll,Arm Low,-57,-215,95,0,6,1,1,0","Eldenbeast_doll,Hand,-1,-224,101,0,7,1,1,0","Eldenbeast_doll,Arm Up,-23,-285,66,0,9,1,1,0","Eldenbeast_doll,Arm Low,22,-303,-198,1,8,1,1,0","Eldenbeast_doll,Hand,42,-356.5,159,0,12,1,1,0","Eldenbeast_doll,Leg Up,-113,-120,-1,0,27,1,1,0","Eldenbeast_doll,Leg Low,-120,-57,-10,0,27,1,1,0","Eldenbeast_doll,Foot,-131.5,-4,-2,0,0,1,1,0","Eldenbeast_doll,Leg Up,-38,-172,110,0,10,1,1,0","Eldenbeast_doll,Leg Low,26,-197,115,0,9,1,1,0","Eldenbeast_doll,Foot,72,-218,117,0,0,1,1,0",,,"Eldenbeast_doll,Tail,-67,-70,10,0,28,1,1,0",,,,,,,,,,"Lacrima,Eat,109.5,-273,-37,0,3,1,1,0","Lacrima,Neck,119.5,-250,2,1,6,1,1,0","Lacrima,Body,131,-175,20,1,12,1,1,0","Lacrima,Arm Up,127.5,-206,-9,1,11,1,1,0","Lacrima,Arm Low,117.5,-148,-20,1,3,1,1,0","Lacrima,Fist,106,-103,-53,0,13,1,1,0","Lacrima,Arm Up,80.5,-230,-138,0,15,1,1,0","Lacrima,Arm Low,56.5,-275,-191,1,17,1,1,0","Lacrima,Fist,73,-309,-257,0,19,1,1,0","Lacrima,Leg Up,168.5,-101,-15,0,14,1,1,0","Lacrima,Leg Low,162.5,-64,7,1,17,1,1,0","Lacrima,Foot,167,-27,-41.6,0,18,1,1,0","Lacrima,Leg Up,165,-120,2,0,19,1,1,0","Lacrima,Leg Low,190.5,-79,47,1,21,1,1,0","Lacrima,Foot,207.5,-46,-34,0,23,1,1,0",,,,,,,,,,,,,,,,,,,,,,,,,,,,,,,,,,,,,,,,,,,,,,,,,,,,,,,,,,,,,,,,,,,,,,,,,,,,,
Catfight_2/11,"Eldenbeast_doll,Head,-61,-426,-36,0,6,1,1,0","Eldenbeast_doll,Neck,-95,-385,-4,0,7,1,1,0","Eldenbeast_doll,Body,-125,-238,7,0,8,1,1,0","Eldenbeast_doll,Arm Up,-121,-263,15,0,7,1,1,0","Eldenbeast_doll,Arm Low,-78,-209,75,0,6,1,1,0","Eldenbeast_doll,Hand,-11,-188,81,0,7,1,1,0","Eldenbeast_doll,Arm Up,-23,-301,78,0,9,1,1,0","Eldenbeast_doll,Arm Low,22,-320,-198,1,8,1,1,0","Eldenbeast_doll,Hand,42,-372.5,169,0,12,1,1,0","Eldenbeast_doll,Leg Up,-113,-124,1,0,27,1,1,0","Eldenbeast_doll,Leg Low,-116,-55,0,0,27,1,1,0","Eldenbeast_doll,Foot,-117.5,-8,13,0,0,1,1,0","Eldenbeast_doll,Leg Up,-38,-184,116,0,10,1,1,0","Eldenbeast_doll,Leg Low,27,-222,126,0,9,1,1,0","Eldenbeast_doll,Foot,72,-258,137,0,0,1,1,0",,,"Eldenbeast_doll,Tail,-55,-79,20,0,28,1,1,0",,,,,,,,,,"Lacrima,Eat,151.5,-294,-57,0,3,1,1,0","Lacrima,Neck,161.5,-278,-18,1,6,1,1,0","Lacrima,Body,151,-195,-3,1,12,1,1,0","Lacrima,Arm Up,158.5,-216,-19,1,11,1,1,0","Lacrima,Arm Low,138.5,-158,-10,1,3,1,1,0","Lacrima,Fist,137,-113,-23,0,13,1,1,0","Lacrima,Arm Up,121.5,-250,-148,0,15,1,1,0","Lacrima,Arm Low,110.5,-295,-201,1,17,1,1,0","Lacrima,Fist,127,-329,-267,0,19,1,1,0","Lacrima,Leg Up,167.5,-111,-31,0,14,1,1,0","Lacrima,Leg Low,150.5,-71,-12,1,17,1,1,0","Lacrima,Foot,146,-37,-51.6,0,18,1,1,0","Lacrima,Leg Up,166,-130,-8,0,19,1,1,0","Lacrima,Leg Low,196.5,-91,37,1,21,1,1,0","Lacrima,Foot,208.5,-56,-44,0,23,1,1,0",,,,,,,,,,,,,,,,,,,,,,,,,,,,,,,,,,,,,,,,,,,,,,,,,,,,,,,,,,,,,,,,,,,,,,,,,,,,,
Catfight_2/12,"Eldenbeast_doll,Head,-12,-347,-49,0,6,1,1,0","Eldenbeast_doll,Neck,-54,-322,-32,0,7,1,1,0","Eldenbeast_doll,Body,-137,-201,-12,0,8,1,1,0","Eldenbeast_doll,Arm Up,-91,-233,29,0,7,1,1,0","Eldenbeast_doll,Arm Low,-38,-181,77,0,6,1,1,0","Eldenbeast_doll,Hand,16,-176,110,0,7,1,1,0","Eldenbeast_doll,Arm Up,-32,-227,56,0,9,1,1,0","Eldenbeast_doll,Arm Low,-26,-215,-118,1,8,1,1,0","Eldenbeast_doll,Hand,-71.5,-240.5,-113,0,7,1,1,0","Eldenbeast_doll,Leg Up,-176,-90,-29,0,27,1,1,0","Eldenbeast_doll,Leg Low,-217,-27,-32,0,27,1,1,0","Eldenbeast_doll,Foot,-246,20,-12,0,0,1,1,0","Eldenbeast_doll,Leg Up,-68,-82,52,0,10,1,1,0","Eldenbeast_doll,Leg Low,-31,-25,17,0,9,1,1,0","Eldenbeast_doll,Foot,-16,23,29,0,0,1,1,0",,,"Eldenbeast_doll,Tail,-150,-42,-21,0,28,1,1,0",,,,,,,,,,"Lacrima,Angry,87.5,-237,13,0,3,1,1,0","Lacrima,Neck,97.5,-220,30,1,6,1,1,0","Lacrima,Body,130,-146,21,1,12,1,1,0","Lacrima,Arm Up,145.5,-170,31,1,11,1,1,0","Lacrima,Arm Low,139.5,-136,-84,1,3,1,1,0","Lacrima,Fist,105.5,-125,-99,0,13,1,1,0","Lacrima,Arm Up,68.5,-190,-102,0,15,1,1,0","Lacrima,Arm Low,24.5,-199,-111,1,17,1,1,0","Lacrima,Fist,-22.5,-219,-147,0,19,1,1,0","Lacrima,Leg Up,189.5,-74,27,0,14,1,1,0","Lacrima,Leg Low,226.5,-29,49,1,17,1,1,0","Lacrima,Foot,254,0,-10.6,0,18,1,1,0","Lacrima,Leg Up,139,-87,-46,0,19,1,1,0","Lacrima,Leg Low,109.5,-37,-14,1,21,1,1,0","Lacrima,Foot,101.5,3,-54,0,23,1,1,0",,,,,,,,,,,,,,,,,,,,,,,,,,,,,,,,,,,,,,,,,,,,,,,,,,,,,,,,,,,,,,,,,,,,,,,,,,,,,
Catfight_2/13,"Eldenbeast_doll,Head,44,-299,-59,0,6,1,1,0","Eldenbeast_doll,Neck,-11,-283,-42,0,7,1,1,0","Eldenbeast_doll,Body,-125,-181,-30,0,8,1,1,0","Eldenbeast_doll,Arm Up,-85,-199,-1,0,7,1,1,0","Eldenbeast_doll,Arm Low,-52,-147,77,0,6,1,1,0","Eldenbeast_doll,Hand,-2,-131,80,0,7,1,1,0","Eldenbeast_doll,Arm Up,-32,-227,56,0,9,1,1,0","Eldenbeast_doll,Arm Low,-26,-215,-118,1,8,1,1,0","Eldenbeast_doll,Hand,-71.5,-240.5,-113,0,7,1,1,0","Eldenbeast_doll,Leg Up,-188,-69,-39,0,27,1,1,0","Eldenbeast_doll,Leg Low,-219,-27,-32,0,27,1,1,0","Eldenbeast_doll,Foot,-250,21,-15,0,0,1,1,0","Eldenbeast_doll,Leg Up,-68,-81,72,0,10,1,1,0","Eldenbeast_doll,Leg Low,-20,-25,17,0,9,1,1,0","Eldenbeast_doll,Foot,-6,23,29,0,0,1,1,0",,,"Eldenbeast_doll,Tail,-120,-22,9,0,28,1,1,0",,,,,,,,,,"Lacrima,Angry,43.5,-227,41,0,3,1,1,0","Lacrima,Neck,65.5,-217,34,1,6,1,1,0","Lacrima,Body,109,-142,29,1,12,1,1,0","Lacrima,Arm Up,57.5,-180,-79,1,11,1,1,0","Lacrima,Arm Low,12.5,-176,-91,1,3,1,1,0","Lacrima,Fist,-34.5,-181,-146,0,8,1,1,0","Lacrima,Arm Up,50.5,-190,-102,0,15,1,1,0","Lacrima,Arm Low,8.5,-199,-111,1,17,1,1,0","Lacrima,Fist,-38.5,-219,-147,0,19,1,1,0","Lacrima,Leg Up,176.5,-69,38,0,14,1,1,0","Lacrima,Leg Low,216.5,-29,49,1,17,1,1,0","Lacrima,Foot,244,0,-10.6,0,18,1,1,0","Lacrima,Leg Up,107,-76,-66,0,19,1,1,0","Lacrima,Leg Low,71.5,-37,-14,1,21,1,1,0","Lacrima,Foot,62.5,3,-54,0,23,1,1,0",,,,,,,,,,,,,,,,,,,,,,,,,,,,,,,,,,,,,,,,,,,,,,,,,,,,,,,,,,,,,,,,,,,,,,,,,,,,,
Catfight_2/14,"Eldenbeast_doll,Head,48,-288,-64,0,6,1,1,0","Eldenbeast_doll,Neck,-7,-278,-47,0,7,1,1,0","Eldenbeast_doll,Body,-121,-178,-32,0,8,1,1,0","Eldenbeast_doll,Arm Up,-85,-193,-4,0,7,1,1,0","Eldenbeast_doll,Arm Low,-52,-141,74,0,6,1,1,0","Eldenbeast_doll,Hand,-2,-125,77,0,7,1,1,0","Eldenbeast_doll,Arm Up,-32,-217,56,0,9,1,1,0","Eldenbeast_doll,Arm Low,-26,-205,-118,1,8,1,1,0","Eldenbeast_doll,Hand,-71.5,-230.5,-113,0,7,1,1,0","Eldenbeast_doll,Leg Up,-188,-64,-39,0,27,1,1,0","Eldenbeast_doll,Leg Low,-222,-23,-36,0,27,1,1,0","Eldenbeast_doll,Foot,-252,21,-15,0,0,1,1,0","Eldenbeast_doll,Leg Up,-68,-78,75,0,10,1,1,0","Eldenbeast_doll,Leg Low,-16,-25,13,0,9,1,1,0","Eldenbeast_doll,Foot,-6,23,29,0,0,1,1,0",,,"Eldenbeast_doll,Tail,-117,-22,11,0,28,1,1,0",,,,,,,,,,"Lacrima,Angry,24.5,-211,44,0,2,1,1,0","Lacrima,Neck,48.5,-206,34,1,6,1,1,0","Lacrima,Body,96,-134,33,1,12,1,1,0","Lacrima,Arm Up,52.5,-176,-79,1,11,1,1,0","Lacrima,Arm Low,-1.5,-175,-101,1,3,1,1,0","Lacrima,Fist,-49.5,-187,-156,0,8,1,1,0","Lacrima,Arm Up,45.5,-186,-102,0,15,1,1,0","Lacrima,Arm Low,4.5,-195,-111,1,17,1,1,0","Lacrima,Fist,-42.5,-215,-147,0,19,1,1,0","Lacrima,Leg Up,168.5,-65,44,0,14,1,1,0","Lacrima,Leg Low,211.5,-27,52,1,17,1,1,0","Lacrima,Foot,239,0,-8.6,0,18,1,1,0","Lacrima,Leg Up,96,-67,-62,0,19,1,1,0","Lacrima,Leg Low,64.5,-33,3,1,21,1,1,0","Lacrima,Foot,57.5,7,-54,0,23,1,1,0",,,,,,,,,,,,,,,,,,,,,,,,,,,,,,,,,,,,,,,,,,,,,,,,,,,,,,,,,,,,,,,,,,,,,,,,,,,,,
Catfight_2/15,"Eldenbeast_doll,Head,-38,-550,-46,0,6,1,1,0","Eldenbeast_doll,Neck,-87,-520,-27,0,7,1,1,0","Eldenbeast_doll,Body,-167,-391,-14,0,8,1,1,0","Eldenbeast_doll,Arm Up,-91,-463,98,0,7,1,1,0","Eldenbeast_doll,Arm Low,-18,-487,123,0,6,1,1,0","Eldenbeast_doll,Hand,22,-521.5,145,0,7,1,1,0","Eldenbeast_doll,Arm Up,-62,-447,96,0,20,1,1,0","Eldenbeast_doll,Arm Low,14,-454,-248,1,19,1,1,0","Eldenbeast_doll,Hand,59,-485,175,0,12,1,1,0","Eldenbeast_doll,Leg Up,-184,-280,-21,0,27,1,1,0","Eldenbeast_doll,Leg Low,-231,-217,-52,0,27,1,1,0","Eldenbeast_doll,Foot,-269,-187,-32,0,0,1,1,0","Eldenbeast_doll,Leg Up,-118,-283,22,0,10,1,1,0","Eldenbeast_doll,Leg Low,-109,-198,-4,0,9,1,1,0","Eldenbeast_doll,Foot,-117,-143,-20,0,0,1,1,0",,,"Eldenbeast_doll,Tail,-191,-232,-26,0,28,1,1,0",,,,,,,,,,"Lacrima,Angry,244.3,-251,-50,0,3,1,1,0","Lacrima,Neck,226,-224.5,-29,1,6,1,1,0","Lacrima,Body,188.7,-154,-24,1,12,1,1,0","Lacrima,Arm Up,213.3,-208,-139,1,11,1,1,0","Lacrima,Arm Low,196.5,-258.5,-193,1,3,1,1,0","Lacrima,Fist,211.5,-300,108,0,13,1,1,0","Lacrima,Arm Up,178.3,-217,-112,0,15,1,1,0","Lacrima,Arm Low,135.3,-241,-150,1,17,1,1,0","Lacrima,Fist,123.3,-277,-192,0,19,1,1,0","Lacrima,Leg Up,196.3,-86,12,0,14,1,1,0","Lacrima,Leg Low,214.3,-30,17,1,17,1,1,0","Lacrima,Foot,229.7,5,-8.6,0,18,1,1,0","Lacrima,Leg Up,147.7,-95,-46,0,19,1,1,0","Lacrima,Leg Low,118.3,-45,-14,1,21,1,1,0","Lacrima,Foot,110.3,-5,-54,0,23,1,1,0",,,,,,,,,,,,,"Miquella_doll,Angry,62.4,-568.3,-24,0,14,1,1,0",,"Miquella_doll,Body,35.6,-514.7,-31,0,16,1,1,0","Miquella_doll,Arm Up,-7,-547.5,-98,0,8,1,1,0",,,"Miquella_doll,Arm Up,78,-505.5,39,1,18,1,1,0",,,"Miquella_doll,Leg Up_wide2,4,-460,-34,0,18,1,1,0",,"Miquella_doll,Foot,-54,-452.7,-66.6,1,20,1,1,0",,,"Miquella_doll,Foot,3,-404.7,-49.5,0,19,1,1,0",,,,,"Miquella_doll,Hair_back,-8,-474.5,-35,0,26,1,1,0","Miquella_doll,Hair_outer,-40,-515.5,-42,0,25,1,1,0","Miquella_doll,Hair_inner,33,-455.5,-55,0,26,1,1,0",,,,,,,,,,,,,,,,,,,,,,,,,,,,,,,,,,,,,,,,,,,
Catfight_2/16,"Eldenbeast_doll,Head,139.5,-370.5,-108,0,6,1,1,0","Eldenbeast_doll,Neck,89.5,-389.5,-77,0,7,1,1,0","Eldenbeast_doll,Body,-57,-391,-74,0,8,1,1,0","Eldenbeast_doll,Arm Up,-22,-367.5,-22,0,7,1,1,0","Eldenbeast_doll,Arm Low,-56.5,-287,-17,0,6,1,1,0","Eldenbeast_doll,Hand,-70.5,-230.5,-5,0,7,1,1,0","Eldenbeast_doll,Arm Up,-6,-296,-22,0,20,1,1,0","Eldenbeast_doll,Arm Low,-42,-221.5,-388,1,19,1,1,0","Eldenbeast_doll,Hand,-68,-171.5,-21,0,12,1,1,0","Eldenbeast_doll,Leg Up,-184,-380,-111,0,27,1,1,0","Eldenbeast_doll,Leg Low,-240,-435,-152,0,27,1,1,0","Eldenbeast_doll,Foot,-266,-486,-142,0,0,1,1,0","Eldenbeast_doll,Leg Up,-138,-295,-61,0,10,1,1,0","Eldenbeast_doll,Leg Low,-219,-290,-104,0,9,1,1,0","Eldenbeast_doll,Foot,-273,-307.5,-113,0,0,1,1,0",,,"Eldenbeast_doll,Tail,-163,-411.5,-150,0,28,1,1,0",,,,,,,,,,"Lacrima,Eat,302.3,-183,-110,0,12,1,1,0","Lacrima,Neck,276,-191.5,-79,1,15,1,1,0","Lacrima,Body,206.7,-153,-47,1,21,1,1,0","Lacrima,Arm Up,263.3,-148,13,1,20,1,1,0","Lacrima,Arm Low,273,-93,10,1,12,1,1,0","Lacrima,Fist,277.5,-57,-23,0,22,1,1,0","Lacrima,Arm Up,218.3,-207,-142,0,24,1,1,0","Lacrima,Arm Low,193.3,-251,-180,1,26,1,1,0","Lacrima,Fist,211.3,-276,-282,0,28,1,1,0","Lacrima,Leg Up,196.3,-66,22,0,23,1,1,0","Lacrima,Leg Low,226.3,-20,47,1,26,1,1,0","Lacrima,Foot,250.7,5,11.4,0,27,1,1,0","Lacrima,Leg Up,147.7,-85,-46,0,28,1,1,0","Lacrima,Leg Low,120.3,-45,-14,1,30,1,1,0","Lacrima,Foot,120.3,-3,-14,0,32,1,1,0",,,,,,,,,,,,,"Miquella_doll,Angry,206.4,-187.3,-124,0,14,1,1,0",,"Miquella_doll,Body,160.6,-205.7,-121,0,16,1,1,0","Miquella_doll,Arm Up,187.5,-253.5,159,0,8,1,1,0",,,"Miquella_doll,Arm Up,111.5,-170.5,-68,1,18,1,1,0",,,"Miquella_doll,Leg Up_wide2,109,-236,-124,0,18,1,1,0",,"Miquella_doll,Foot,61,-233.7,-96.6,1,20,1,1,0",,,"Miquella_doll,Foot,98.5,-286.5,-179.5,0,19,1,1,0",,,,,"Miquella_doll,Hair_back,127,-255.5,-135,0,26,1,1,0","Miquella_doll,Hair_outer,175,-296.5,-142,0,25,1,1,0","Miquella_doll,Hair_inner,110.5,-233.5,-165,0,26,1,1,0",,,,,,,,,,,,,,,,,,,,,,,,,,,,,,,,,,,,,,,,,,,
Catfight_2/17,"Eldenbeast_doll,Head,135.5,-338.5,-94,0,6,1,1,0","Eldenbeast_doll,Neck,89.5,-359.5,-87,0,7,1,1,0","Eldenbeast_doll,Body,-57,-383,-83,0,8,1,1,0","Eldenbeast_doll,Arm Up,-22,-357.5,-42,0,7,1,1,0","Eldenbeast_doll,Arm Low,-81.5,-291,-35,0,6,1,1,0","Eldenbeast_doll,Hand,-116.5,-250.5,-45,0,7,1,1,0","Eldenbeast_doll,Arm Up,-26,-276,-28,0,20,1,1,0","Eldenbeast_doll,Arm Low,-62,-221.5,-398,1,19,1,1,0","Eldenbeast_doll,Hand,-97,-180.5,-41,0,12,1,1,0","Eldenbeast_doll,Leg Up,-184,-389,-117,0,27,1,1,0","Eldenbeast_doll,Leg Low,-238,-447,-162,0,27,1,1,0","Eldenbeast_doll,Foot,-254,-500,-162,0,0,1,1,0","Eldenbeast_doll,Leg Up,-148,-305,-81,0,10,1,1,0","Eldenbeast_doll,Leg Low,-227,-324,-127,0,9,1,1,0","Eldenbeast_doll,Foot,-273,-358.5,-123,0,0,1,1,0",,,"Eldenbeast_doll,Tail,-153,-425.5,-160,0,28,1,1,0",,,,,,,,,,"Lacrima,Eat,322.3,-152,-120,0,12,1,1,0","Lacrima,Neck,296,-160.5,-89,1,15,1,1,0","Lacrima,Body,216.7,-118,-67,1,21,1,1,0","Lacrima,Arm Up,273.3,-103,13,1,20,1,1,0","Lacrima,Arm Low,283,-48,10,1,12,1,1,0","Lacrima,Fist,287.5,-12,-23,0,22,1,1,0","Lacrima,Arm Up,228.3,-178,-142,0,24,1,1,0","Lacrima,Arm Low,235.3,-222,-210,1,26,1,1,0","Lacrima,Fist,263.3,-247,-282,0,28,1,1,0","Lacrima,Leg Up,206.3,-57,12,0,23,1,1,0","Lacrima,Leg Low,236.3,-23,67,1,26,1,1,0","Lacrima,Foot,270.7,-7,41.4,0,27,1,1,0","Lacrima,Leg Up,147.7,-96,-86,0,28,1,1,0","Lacrima,Leg Low,100.3,-76,-54,1,30,1,1,0","Lacrima,Foot,70.3,-54,-88,0,32,1,1,0",,,,,,,,,,,,,"Miquella_doll,Angry,214.4,-174.3,-128,0,14,1,1,0",,"Miquella_doll,Body,168.6,-192.7,-125,0,16,1,1,0","Miquella_doll,Arm Up,195.5,-240.5,155,0,8,1,1,0",,,"Miquella_doll,Arm Up,119.5,-164.5,-76,1,18,1,1,0",,,"Miquella_doll,Leg Up_wide2,120,-229,-130,0,18,1,1,0",,"Miquella_doll,Foot,69,-224.7,-102.6,1,20,1,1,0",,,"Miquella_doll,Foot,116.5,-286.5,-183.5,0,19,1,1,0",,,,,"Miquella_doll,Hair_back,135,-242.5,-139,0,26,1,1,0","Miquella_doll,Hair_outer,191,-283.5,-151,0,25,1,1,0","Miquella_doll,Hair_inner,118.5,-220.5,-169,0,26,1,1,0",,,,,,,,,,,,,,,,,,,,,,,,,,,,,,,,,,,,,,,,,,,
